"Age","Marriage","Education","Sex","BillAmount","PayAmount","Outcome"
"22","1","0","1","10789","1094","0"
"23","0","0","1","10301","11767","1"
"20","1","0","1","9820","5669","0"
"20","0","0","1","5356","16134","1"
"23","1","0","1","3634","10290","1"
"20","1","0","1","7540","6538","0"
"22","0","0","0","11800","17613","1"
"24","0","0","1","13887","9947","0"
"25","0","0","1","17889","1537","0"
"21","0","0","0","11217","5557","0"
"23","0","0","0","10863","16971","1"
"22","0","0","0","18784","9359","0"
"22","0","0","1","14295","8714","0"
"22","1","0","0","9052","11673","1"
"21","1","0","1","15642","2816","0"
"23","1","0","0","3340","10713","1"
"26","1","0","0","16761","492","0"
"21","0","0","1","12559","18555","1"
"26","0","0","0","5606","13243","1"
"21","0","0","1","17041","6882","0"
"26","1","0","1","2647","8541","1"
"20","0","0","0","19789","16739","0"
"23","0","0","0","16689","3091","0"
"22","0","0","0","8062","1136","0"
"22","1","0","1","10398","4226","0"
"20","1","0","1","19746","17098","0"
"20","1","0","1","1388","5882","1"
"23","1","0","1","11263","10688","0"
"25","0","0","0","4719","6052","1"
"20","0","0","1","12339","3831","0"
"24","1","0","1","7706","14061","1"
"26","0","0","0","12133","1834","0"
"25","0","0","1","11037","15777","1"
"21","0","0","0","15432","17994","1"
"26","1","0","1","10396","13620","1"
"25","0","0","0","7565","19750","1"
"22","1","0","1","2446","12157","1"
"24","1","0","1","2019","2083","1"
"21","0","0","0","9241","16613","1"
"21","0","0","0","2228","19781","1"
"25","0","0","1","19311","2509","0"
"26","1","0","0","3706","2126","0"
"23","0","0","0","17403","16788","0"
"26","1","0","1","6460","3021","0"
"23","1","0","0","19995","1129","0"
"24","1","0","1","32384","34739","1"
"20","0","0","0","35321","32623","1"
"22","0","0","0","4537","13410","1"
"23","0","0","0","1750","8963","1"
"22","0","0","0","1925","8094","1"
"20","1","0","1","24832","30432","1"
"23","0","0","1","5423","1859","0"
"25","0","0","1","13508","1012","0"
"20","1","0","0","15184","5468","0"
"24","0","0","0","11251","11449","1"
"26","0","0","1","16296","5703","0"
"25","1","0","1","2960","11256","1"
"26","0","0","0","7537","9525","1"
"23","0","0","1","14102","11928","0"
"23","0","0","1","19213","7989","0"
"25","1","0","0","19777","8274","0"
"21","0","0","1","9208","1587","0"
"25","0","0","1","3903","4109","1"
"24","0","0","0","15881","6747","0"
"22","1","0","0","7177","10382","1"
"21","0","0","0","13245","652","0"
"20","1","0","1","8945","14784","1"
"25","1","0","1","4606","7486","1"
"26","1","0","1","15160","1215","0"
"21","1","0","0","19437","6533","0"
"25","0","0","0","11797","12265","1"
"21","0","0","1","8478","8226","0"
"23","1","0","1","7048","13529","1"
"20","1","0","1","9553","1506","0"
"26","0","0","0","16778","18599","1"
"25","1","0","0","9854","2865","0"
"20","1","0","0","15288","3314","0"
"21","0","0","1","13456","707","0"
"23","0","0","1","13092","17394","1"
"25","1","0","0","1407","7562","1"
"25","0","0","1","18962","7338","0"
"21","1","0","0","12360","7285","0"
"22","0","0","1","12745","15783","1"
"23","0","0","0","7571","15060","1"
"26","0","0","0","14119","146","0"
"20","0","0","0","1691","6197","1"
"23","1","0","1","8894","1935","0"
"23","1","0","0","6296","16675","1"
"21","0","0","0","5784","5592","1"
"24","1","0","0","5763","18639","1"
"23","0","0","1","1143","19879","1"
"25","0","0","1","19202","981","1"
"26","0","0","0","15545","1947","1"
"23","1","0","1","16243","18182","1"
"23","0","0","1","7059","10965","1"
"25","1","0","0","12186","7408","1"
"20","1","0","0","10225","17112","1"
"25","0","0","1","1810","17644","1"
"21","0","0","0","15885","16930","1"
"26","0","0","0","16740","1706","1"
"21","0","0","0","6133","4402","1"
"22","1","0","0","6999","1297","1"
"23","0","0","1","12304","16181","1"
"24","1","0","0","1331","16808","1"
"21","1","0","0","15993","54","1"
"26","1","0","0","3700","8224","1"
"24","1","0","1","9953","11191","1"
"22","1","0","1","3179","5462","1"
"26","0","0","1","15135","11933","1"
"22","0","0","1","9663","19845","1"
"24","0","0","1","18798","9830","1"
"23","1","0","0","28145","32591","1"
"21","0","0","1","3631","1858","1"
"25","1","0","1","6816","2066","1"
"26","1","0","1","8539","439","1"
"24","0","0","0","14996","8591","1"
"23","0","0","1","11585","15707","1"
"23","0","0","0","4605","4773","1"
"24","0","0","1","2267","2441","1"
"20","1","0","0","12078","8386","1"
"25","1","0","1","8315","11162","1"
"23","1","0","0","2231","17661","1"
"20","1","0","0","2831","18485","1"
"24","0","0","1","3438","8229","1"
"21","0","0","0","14978","11579","1"
"26","0","0","1","5453","15771","1"
"23","0","0","1","4493","12773","1"
"26","0","0","0","7352","14794","1"
"25","1","0","1","19506","1387","1"
"26","1","0","0","15324","14111","1"
"25","0","0","0","8273","19361","1"
"20","1","0","0","5026","8523","1"
"25","0","0","0","9857","19403","1"
"21","1","0","0","8468","11686","1"
"20","0","0","0","2927","6216","1"
"23","0","0","1","14536","4006","1"
"22","0","0","1","6472","8765","1"
"21","1","0","0","6779","19680","1"
"22","1","0","0","14905","3050","1"
"22","0","0","1","18689","2878","1"
"24","0","0","1","9361","19826","1"
"26","1","0","1","15418","16912","1"
"25","1","0","0","18078","643","1"
"23","0","0","1","17244","16761","1"
"21","0","0","1","5255","11890","1"
"21","0","0","1","18377","3002","1"
"21","0","0","1","10997","409","1"
"24","0","0","1","18387","15468","1"
"21","0","0","0","2140","16776","1"
"26","1","0","0","3879","16032","1"
"22","1","0","1","1637","18422","1"
"20","1","0","1","34145","33266","1"
"21","1","0","1","15570","4733","1"
"26","1","0","1","13719","14626","1"
"22","1","0","1","18598","19337","1"
"26","1","0","0","12110","17206","1"
"21","1","0","1","19769","1455","1"
"24","1","0","0","2056","17603","1"
"26","1","0","1","18553","3602","1"
"22","0","0","0","5634","13902","1"
"20","1","0","1","18053","10532","1"
"21","1","0","0","11629","19382","1"
"26","0","0","0","11805","16965","1"
"20","0","0","0","14148","8656","1"
"23","1","0","0","16486","20000","1"
"20","1","0","1","19574","11412","1"
"24","1","0","1","17435","3554","1"
"26","1","0","1","1985","12264","1"
"20","0","0","0","18978","7864","1"
"22","1","0","1","2527","8009","1"
"23","0","0","1","10536","4001","1"
"22","0","0","0","1810","3055","1"
"21","0","0","0","4249","15118","1"
"26","0","0","0","13124","983","1"
"23","1","0","0","9550","17908","1"
"22","0","0","0","18213","19760","1"
"24","1","0","1","8162","1330","1"
"22","0","0","1","8436","1772","1"
"24","0","0","1","7828","5971","1"
"20","1","0","0","4983","5412","1"
"20","1","0","0","2822","9030","1"
"20","0","0","0","4645","12164","1"
"20","0","0","1","10854","2787","1"
"24","0","0","0","18591","14824","1"
"23","1","0","0","18962","8910","1"
"24","1","0","1","2410","11809","1"
"24","0","0","0","6577","11105","1"
"21","0","0","0","19201","13591","1"
"23","1","1","0","10794","16035","1"
"23","1","1","0","19038","10468","1"
"24","0","1","1","15181","438","1"
"20","0","1","0","15813","11777","1"
"26","1","1","1","11434","8951","1"
"26","0","1","1","16759","265","1"
"26","1","1","1","17246","1272","1"
"22","0","1","0","19961","3713","1"
"24","1","1","1","19874","8078","1"
"26","1","1","0","7508","7438","1"
"26","0","1","1","16004","21","1"
"21","0","1","0","18380","16841","1"
"25","1","1","1","14298","15342","1"
"26","0","1","0","7245","18304","1"
"20","0","1","1","2092","13425","1"
"26","0","1","1","15263","1860","1"
"26","0","1","1","13765","11046","1"
"23","1","1","0","1461","13799","1"
"25","1","1","0","10275","16686","1"
"20","1","1","1","11240","17961","1"
"25","0","1","1","16923","6655","1"
"23","0","1","1","37999","25839","1"
"26","0","1","0","8840","6820","1"
"23","0","1","0","3480","11173","1"
"23","0","1","1","15796","842","1"
"24","1","1","1","16586","3889","1"
"21","1","1","0","9122","5941","1"
"23","1","1","1","15066","18456","1"
"22","1","1","0","10579","8031","1"
"23","1","1","1","4779","10905","1"
"21","0","1","1","7897","5123","1"
"24","0","1","1","19526","16894","1"
"20","0","1","1","11103","1449","1"
"22","1","1","1","9920","14675","0"
"20","0","1","1","9615","2516","1"
"26","0","1","1","12655","1029","1"
"23","1","1","0","16930","14983","1"
"24","0","1","0","18740","1923","1"
"25","1","1","1","1209","4101","0"
"24","1","1","0","15770","1120","1"
"22","1","1","1","11694","11711","0"
"24","1","1","0","5502","4873","1"
"25","1","1","0","1687","10000","0"
"20","1","1","0","12390","19741","0"
"22","1","1","1","9717","1828","1"
"22","0","1","1","19853","17953","1"
"21","1","1","1","13190","16503","0"
"26","0","1","1","7586","6101","1"
"23","1","1","0","12625","15975","0"
"20","0","1","1","7501","16212","0"
"20","1","1","0","16055","10907","1"
"23","0","1","0","11065","1795","1"
"26","0","1","1","12580","9321","1"
"20","0","1","1","1184","8766","0"
"26","1","1","0","12452","316","1"
"23","0","1","1","8704","15688","0"
"25","1","1","0","16379","5480","1"
"20","0","1","1","6262","2671","1"
"22","1","1","0","11778","1026","1"
"22","1","1","0","3080","3203","0"
"22","1","1","0","2134","11863","0"
"23","1","1","1","19623","1078","1"
"23","1","1","1","25148","32231","1"
"23","1","1","0","12030","670","1"
"24","0","1","1","1694","14218","0"
"20","1","1","1","16242","4071","1"
"22","1","1","0","9868","5900","1"
"20","0","1","1","2790","16756","0"
"23","0","1","1","11766","10011","1"
"22","1","1","0","13528","3194","1"
"23","0","1","1","15777","1237","1"
"24","0","1","1","19380","11382","1"
"22","0","1","0","1618","12507","0"
"26","1","1","1","8349","14069","0"
"22","0","1","0","12155","3857","1"
"24","1","1","0","7948","7249","1"
"22","0","1","0","6164","16929","0"
"26","1","1","1","3371","5621","0"
"24","1","1","1","13003","11843","1"
"23","1","1","0","12775","6047","1"
"24","0","1","1","3733","13695","0"
"24","0","1","0","2874","12062","0"
"24","1","1","0","12469","8041","1"
"24","0","1","1","9574","9174","1"
"21","0","1","0","14000","12486","1"
"21","1","1","1","13398","5242","1"
"22","1","1","1","14995","11464","1"
"24","0","1","0","5090","10376","0"
"21","1","1","0","18922","15303","1"
"26","0","1","1","12601","11029","1"
"24","0","1","0","19801","1978","1"
"20","0","1","1","2996","1772","1"
"25","1","1","0","19761","2431","1"
"24","1","1","0","15615","11533","1"
"25","1","1","1","12499","1356","1"
"20","0","1","0","1878","8853","0"
"25","1","1","0","15900","3499","1"
"20","1","1","1","4958","19893","0"
"26","0","1","1","16855","109","1"
"21","0","1","1","9552","6541","1"
"20","1","1","1","9069","4909","1"
"20","1","1","0","8086","16680","0"
"20","1","1","0","7937","7037","1"
"22","0","1","1","19899","10592","1"
"21","1","1","1","18878","14992","1"
"20","0","1","1","4506","7247","0"
"24","1","1","0","10062","503","1"
"20","0","1","1","8501","1828","1"
"26","0","1","1","14092","2026","1"
"23","1","1","0","8497","9115","0"
"20","1","1","0","17908","7688","1"
"23","0","1","1","4109","11609","0"
"23","1","1","1","10247","11561","0"
"22","0","1","1","9669","5907","1"
"22","0","1","1","8368","17611","0"
"25","0","1","1","1867","7694","0"
"26","1","1","0","9044","4530","1"
"20","0","1","0","19201","1529","1"
"22","1","1","1","13733","11781","1"
"25","1","1","1","15821","7474","1"
"24","0","1","1","4367","4829","0"
"22","0","1","0","3627","3997","0"
"20","0","1","0","10685","5522","1"
"25","1","1","0","14282","5227","1"
"22","1","1","1","11587","16567","0"
"23","1","1","1","12806","1399","1"
"22","0","1","0","13342","5703","1"
"24","1","1","0","5876","6870","0"
"23","0","1","1","12551","196","1"
"26","0","1","1","19564","2113","1"
"21","1","1","1","6075","18676","0"
"22","1","1","1","15897","5811","1"
"26","0","1","0","9932","1474","1"
"26","0","1","0","6263","6854","0"
"24","1","1","0","13103","9118","1"
"26","0","1","0","14568","15554","0"
"25","0","1","1","1390","2568","0"
"23","0","1","1","11540","1474","1"
"23","1","1","0","7271","15795","0"
"23","0","1","0","12782","444","1"
"25","1","1","0","18865","16120","1"
"26","0","1","1","16281","833","1"
"20","1","1","0","5547","17277","0"
"22","1","1","0","13202","1482","1"
"24","0","1","0","19296","15459","1"
"26","1","1","1","11823","15115","0"
"22","1","1","1","8194","11153","0"
"24","0","1","1","14919","4972","1"
"24","1","1","0","7806","7516","1"
"26","0","1","1","3845","8012","0"
"24","0","1","0","17069","12760","1"
"22","0","1","0","6545","9873","0"
"20","0","1","0","17120","283","1"
"23","0","1","1","19074","7412","1"
"21","1","1","1","2116","13944","0"
"25","0","1","1","17393","12183","1"
"20","1","1","1","12547","317","1"
"25","1","1","0","29911","31743","1"
"20","1","1","0","9109","10942","0"
"26","0","1","1","5858","5908","0"
"26","0","1","1","6272","2102","1"
"22","1","1","1","6988","4988","1"
"25","0","1","0","25139","31645","1"
"21","1","1","0","4840","5534","0"
"20","1","1","1","4673","3260","1"
"24","0","1","1","15995","36","1"
"25","0","1","0","13028","5526","1"
"26","1","1","1","19879","6540","1"
"26","1","1","0","6403","1052","1"
"25","0","1","1","12719","17348","0"
"23","1","1","1","1267","14508","0"
"24","0","1","1","9728","2157","1"
"26","0","1","0","4651","18902","0"
"24","1","1","1","14205","16732","0"
"25","0","1","1","17319","10706","1"
"21","0","1","1","2732","6923","0"
"22","0","1","1","11392","19793","0"
"23","1","1","0","10959","2596","1"
"26","0","1","0","19480","1003","1"
"24","1","1","0","14888","9237","1"
"25","1","1","0","5264","9388","0"
"23","0","1","0","12475","1752","1"
"23","0","1","1","6868","4111","1"
"25","1","1","0","8695","5046","1"
"26","0","1","1","7429","1151","1"
"26","1","1","0","11407","12387","0"
"22","1","1","0","7291","5578","1"
"30","0","1","1","9048","6074","1"
"28","0","1","0","18570","5754","1"
"26","0","1","0","7955","1061","1"
"28","1","1","0","4177","12271","0"
"27","1","1","1","9671","10115","0"
"27","0","1","0","3343","2531","1"
"28","0","1","1","8678","11095","0"
"26","1","1","0","13874","9420","1"
"30","0","1","0","13455","4869","1"
"28","1","1","0","15721","729","1"
"26","0","1","1","6630","6816","0"
"29","0","1","1","16722","8535","1"
"26","1","1","0","14994","10823","1"
"29","0","1","0","6462","5052","1"
"28","0","1","1","19799","1811","1"
"29","0","1","0","5133","7845","0"
"29","1","1","1","2304","17298","0"
"27","1","1","0","15101","9232","1"
"26","0","1","0","17514","1363","1"
"28","1","1","0","4120","8266","0"
"29","0","1","1","18109","19399","0"
"30","1","1","0","11499","9083","1"
"29","0","1","0","14000","16695","0"
"26","0","1","1","2722","1277","1"
"29","1","1","0","9744","7981","1"
"30","0","1","1","18954","13189","1"
"26","0","1","1","19761","1567","1"
"28","0","1","0","11221","1178","1"
"29","1","1","0","10305","6045","1"
"29","1","1","1","11504","8545","1"
"30","1","1","1","7653","8917","0"
"30","0","1","1","6807","4034","1"
"27","0","1","1","17627","2189","1"
"29","0","1","1","7848","7611","1"
"26","0","1","1","5226","7006","0"
"26","1","1","0","10683","18237","0"
"29","1","1","1","15689","8521","1"
"29","0","1","1","6200","18988","0"
"30","1","1","0","6313","17991","0"
"27","0","1","1","19530","2491","1"
"27","0","1","1","2520","17057","0"
"30","0","1","1","19528","705","1"
"26","1","1","1","10895","64","1"
"30","1","1","0","7337","10378","0"
"26","1","1","1","1177","3100","0"
"30","0","1","0","15519","12912","1"
"26","1","1","0","13925","12763","1"
"29","1","1","1","9876","8894","1"
"26","1","1","1","13721","5031","1"
"27","0","1","0","15061","2261","1"
"27","1","1","0","3589","3510","1"
"30","1","1","0","4840","14727","0"
"27","0","1","1","5282","5987","0"
"27","1","1","1","12103","10877","1"
"30","0","1","0","13454","669","1"
"30","0","1","1","18810","12751","1"
"26","1","1","0","3385","17758","0"
"30","0","1","1","14325","516","1"
"30","0","1","0","1227","4131","0"
"28","1","1","1","8709","15246","0"
"30","0","1","1","14337","9114","1"
"29","1","1","1","6218","1414","1"
"30","1","1","1","2959","15339","0"
"26","1","1","0","7183","19924","0"
"28","0","1","0","13353","9455","1"
"29","0","1","0","12864","16137","0"
"26","1","1","0","15093","841","1"
"29","1","1","0","1973","3916","0"
"30","1","1","1","13519","1517","1"
"29","0","1","1","4644","19906","0"
"30","0","1","1","9815","19532","0"
"26","1","1","1","14829","3454","1"
"28","1","1","1","19991","1060","1"
"28","1","1","1","16619","13364","1"
"30","0","1","1","8081","7770","1"
"27","0","1","1","19301","11660","1"
"26","1","1","1","16893","1529","1"
"29","1","1","0","9320","16058","0"
"29","1","1","0","5466","11389","0"
"29","0","1","0","12975","11229","1"
"29","0","1","1","16559","4923","1"
"30","0","1","1","15590","19544","0"
"26","1","1","1","4747","13188","0"
"28","1","1","0","6387","4094","1"
"30","1","1","0","8287","730","1"
"29","1","1","1","5882","4503","1"
"29","0","1","0","7410","1217","1"
"30","0","1","0","17978","5463","1"
"30","0","1","1","19937","18967","1"
"27","0","1","1","6677","11758","0"
"27","1","1","1","3074","18668","0"
"27","1","1","0","14682","8197","1"
"26","0","1","1","13153","830","1"
"30","1","1","1","9797","8593","1"
"27","0","1","1","12402","4175","1"
"29","1","1","1","4136","9477","0"
"30","1","1","0","16069","959","1"
"28","1","1","0","11932","3920","1"
"27","1","1","0","15029","1498","1"
"28","0","1","1","12123","18994","0"
"26","1","1","0","10788","10062","1"
"26","1","1","1","18787","2147","1"
"27","0","1","0","9488","9672","0"
"27","0","1","0","9437","14894","0"
"26","0","1","1","18303","17069","1"
"28","0","1","0","2791","4496","0"
"27","0","1","0","13047","14694","0"
"27","1","1","0","19779","13658","1"
"29","0","1","0","16500","13771","1"
"29","0","1","0","10015","12254","0"
"27","0","1","1","8054","19376","0"
"26","0","1","0","11391","7361","1"
"28","0","1","1","11649","1976","1"
"27","1","1","1","18519","18962","0"
"29","1","1","1","1887","17806","0"
"28","1","1","1","16742","14056","1"
"28","1","1","1","3094","18619","0"
"29","1","1","1","14268","9370","1"
"27","0","1","1","13004","7126","1"
"28","0","1","1","4308","7073","0"
"27","0","1","0","12254","10949","1"
"27","0","1","0","5370","12409","0"
"30","1","1","0","16563","16752","0"
"28","1","1","1","9979","4508","1"
"26","1","1","1","3345","11380","0"
"28","0","1","1","8007","3873","1"
"29","0","1","0","17745","9855","1"
"29","1","1","0","10886","16431","0"
"26","0","1","1","3073","9364","0"
"27","1","1","1","10001","5638","1"
"28","1","1","1","3740","4174","0"
"30","0","1","0","10253","1198","1"
"26","0","1","0","9701","17526","0"
"26","1","1","1","11503","1160","1"
"26","1","1","0","13552","2977","1"
"26","0","1","0","1828","10462","0"
"26","1","1","1","8065","15533","0"
"27","1","1","1","18268","3729","1"
"28","0","1","1","13252","7265","1"
"26","0","1","0","11819","11324","1"
"29","1","1","1","10960","18645","0"
"26","0","1","1","4282","8865","0"
"26","1","1","1","8661","6782","1"
"28","1","1","1","12766","12749","1"
"27","1","1","1","3082","2184","1"
"28","0","1","0","18800","1706","1"
"27","0","1","0","11247","12698","0"
"29","1","1","0","16476","8477","1"
"29","1","1","0","19735","15974","1"
"28","0","1","0","9738","17520","0"
"28","0","1","0","11050","10736","1"
"27","0","1","1","4925","4689","1"
"26","0","1","1","4028","8656","0"
"28","1","1","1","13749","14051","0"
"27","0","1","0","4521","2675","1"
"26","1","1","0","15790","1381","1"
"29","0","1","1","8459","2139","1"
"27","0","1","0","16627","375","1"
"27","1","1","1","3984","3385","1"
"26","1","1","0","15018","2059","1"
"29","1","1","1","19180","15501","1"
"29","1","1","1","9107","18583","0"
"26","1","1","1","12540","18587","0"
"27","1","1","1","19333","11762","1"
"30","0","1","0","6754","8799","0"
"27","1","1","0","9127","1464","1"
"27","1","1","1","18358","14261","1"
"30","0","1","0","2631","15484","0"
"28","0","1","1","11407","1089","1"
"28","1","1","1","8362","6003","1"
"28","1","1","0","13524","16396","0"
"30","0","1","1","17940","10098","1"
"29","1","1","1","18355","6732","1"
"29","1","1","1","3090","1867","1"
"26","0","1","1","17676","805","1"
"30","0","1","1","38059","34629","1"
"28","0","1","1","12000","7623","1"
"26","1","1","0","2825","10921","0"
"28","1","1","1","19525","9817","1"
"29","0","1","0","2575","4689","0"
"29","0","1","0","1869","7882","0"
"27","1","1","0","14649","12717","1"
"27","0","1","0","11295","2757","1"
"29","1","1","0","11129","1114","1"
"28","0","1","0","14480","18659","0"
"28","1","1","0","13582","17406","0"
"28","0","1","1","17719","9563","1"
"27","1","1","1","10954","4367","1"
"26","1","2","0","15879","18753","0"
"26","1","2","1","13544","8722","1"
"30","0","2","0","13678","13704","0"
"28","1","2","0","16433","5311","1"
"28","0","2","0","12743","15859","0"
"26","1","2","0","6769","9738","0"
"27","0","2","0","12710","1217","1"
"28","0","2","1","16839","8307","1"
"28","0","2","1","4057","12649","0"
"30","1","2","1","12073","15782","0"
"29","0","2","0","11684","1644","1"
"30","0","2","1","9319","191","1"
"27","0","2","0","8812","4464","1"
"29","0","2","0","1434","3350","0"
"27","0","2","0","18212","2604","1"
"26","1","2","1","4116","2729","1"
"26","0","2","0","5954","1139","1"
"30","0","2","1","4104","9681","0"
"27","1","2","0","17981","1773","1"
"28","1","2","0","5428","4606","1"
"27","0","2","0","12927","2252","1"
"29","0","2","0","9881","623","1"
"27","1","2","0","16383","1486","1"
"28","1","2","1","16166","17322","0"
"26","1","2","1","11930","8933","1"
"27","1","2","1","9287","10397","0"
"30","1","2","1","17806","8200","1"
"30","1","2","1","18042","16366","1"
"26","1","2","1","12241","2179","1"
"27","0","2","1","2086","7387","0"
"30","1","2","0","8783","10571","0"
"29","0","2","1","17617","6024","1"
"28","1","2","0","33234","29589","1"
"29","1","2","0","6067","14886","0"
"29","1","2","1","13576","8205","1"
"28","0","2","1","8786","678","1"
"28","1","2","1","16629","7606","1"
"27","0","2","0","7409","7548","0"
"26","1","2","1","5140","6726","0"
"29","1","2","0","9351","7189","1"
"28","1","2","1","3565","16353","0"
"26","1","2","0","19935","8330","1"
"29","0","2","0","1765","8042","0"
"26","1","2","0","13494","19831","0"
"30","1","2","1","12933","3407","1"
"30","1","2","1","11919","1015","1"
"30","0","2","1","15871","465","1"
"29","1","2","0","13953","286","1"
"27","0","2","0","6026","6524","0"
"29","0","2","1","3614","5774","0"
"30","0","2","0","17220","3702","1"
"29","0","2","0","3491","10110","0"
"30","0","2","0","14691","8186","1"
"26","1","2","1","4479","3060","1"
"29","1","2","0","17046","14313","1"
"28","0","2","0","7509","18594","0"
"29","1","2","0","11679","14813","0"
"27","0","2","0","15650","13695","1"
"30","0","2","1","8582","15460","0"
"27","0","2","1","8723","19211","0"
"29","1","2","0","13652","10674","1"
"28","1","2","1","2419","18954","0"
"28","1","2","1","3492","13175","0"
"29","1","2","1","17671","9990","1"
"28","1","2","0","10055","2340","1"
"29","0","2","1","1884","3245","0"
"27","1","2","1","16593","1109","1"
"29","1","2","1","15441","1468","1"
"29","1","2","1","18597","105","1"
"29","1","2","1","18939","537","1"
"29","1","2","1","6606","8577","0"
"28","1","2","0","2691","6290","0"
"30","1","2","1","32023","29960","1"
"26","1","2","0","13955","9354","1"
"29","0","2","1","9439","3273","1"
"26","1","2","1","5724","12157","0"
"27","1","2","0","1899","15693","0"
"26","0","2","1","5305","4960","1"
"26","1","2","1","6899","10008","0"
"30","1","2","0","10154","18348","0"
"28","1","2","1","10039","4063","1"
"28","1","2","1","8346","10588","0"
"29","1","2","0","1951","5623","0"
"27","1","2","1","10349","8620","1"
"30","0","2","1","2122","13049","0"
"27","0","2","1","6166","4468","1"
"28","0","2","1","17232","19026","0"
"28","0","2","0","3095","9002","0"
"30","0","2","1","16936","8698","1"
"30","0","2","1","19970","6202","1"
"27","1","2","1","18031","1234","1"
"29","0","2","1","18528","16118","1"
"28","1","2","1","16630","447","1"
"27","1","2","1","4208","7729","0"
"28","1","2","0","11496","15625","0"
"27","0","2","1","15628","14163","1"
"28","1","2","1","10824","864","1"
"29","0","2","1","16040","9435","1"
"28","1","2","1","13454","4612","1"
"29","0","2","1","12680","19251","0"
"29","0","2","0","9450","15727","0"
"26","0","2","1","5652","5087","1"
"28","1","2","1","4174","14687","0"
"28","0","2","0","13164","10307","1"
"30","1","2","0","19893","540","1"
"29","1","2","1","18970","785","1"
"28","0","2","1","16751","262","1"
"28","1","2","0","9957","5777","1"
"26","0","2","1","19047","12084","1"
"29","0","2","1","4958","6980","0"
"29","1","2","1","18870","11433","1"
"29","0","2","0","14221","1686","1"
"28","0","2","0","19420","15811","1"
"27","0","3","1","6293","6832","0"
"26","0","3","1","8921","244","1"
"27","0","3","0","6661","6552","1"
"30","1","3","1","6027","19757","0"
"30","1","3","0","13535","8384","1"
"30","0","3","0","1299","3375","0"
"30","1","3","0","18767","7320","1"
"30","1","3","1","5773","6933","0"
"29","1","3","0","5643","16014","0"
"26","1","3","1","8059","4018","1"
"28","0","3","0","10497","1038","1"
"26","1","3","1","5543","7777","0"
"29","0","3","0","15305","5737","1"
"29","1","3","0","4031","3727","1"
"30","0","3","1","12144","10261","1"
"27","1","3","0","16837","1760","1"
"27","0","3","0","1152","11666","0"
"28","0","3","1","17388","2669","1"
"30","0","3","1","2080","16989","0"
"29","0","3","0","28028","33162","1"
"26","0","3","0","11896","2014","1"
"30","0","3","1","5784","18859","0"
"28","0","3","1","14828","11475","1"
"28","0","3","1","2828","19585","0"
"28","0","3","1","10923","1646","1"
"29","1","3","1","17721","10687","1"
"29","0","3","1","9183","1852","1"
"27","0","3","1","16114","16328","0"
"26","0","3","1","6946","4397","1"
"26","1","3","0","5079","6708","0"
"30","0","3","0","16094","13310","1"
"29","1","3","0","12843","878","1"
"28","0","3","1","1053","11405","0"
"26","0","3","0","12695","10116","1"
"30","1","3","1","3909","13932","0"
"27","0","3","0","15142","2285","1"
"27","1","3","0","17223","8052","1"
"29","0","3","1","5425","14458","0"
"26","1","3","0","7601","7396","1"
"29","1","3","0","11768","390","1"
"27","1","3","0","13226","6235","1"
"29","1","3","1","5947","13623","0"
"27","1","3","1","12101","413","1"
"29","1","3","1","17034","19242","0"
"30","1","3","0","16430","198","1"
"27","1","3","0","5469","19988","0"
"26","1","3","0","11210","3551","1"
"26","0","3","0","6423","7717","0"
"30","1","3","0","2415","14893","0"
"29","0","3","0","12507","9945","1"
"28","0","3","0","7417","11779","0"
"30","1","3","0","3384","17020","0"
"27","0","3","1","19734","4024","1"
"30","1","3","0","5237","16816","0"
"28","1","3","0","19813","1353","1"
"27","0","3","1","4487","11346","0"
"30","1","3","0","19037","17199","1"
"30","0","3","0","1417","15529","0"
"27","0","3","1","8586","10749","0"
"27","0","3","0","6078","2148","1"
"28","0","3","1","17751","1532","1"
"29","1","3","0","3259","15926","0"
"26","1","3","0","11481","11613","0"
"28","0","3","1","16756","7561","1"
"27","1","3","0","8672","9041","0"
"28","0","3","1","13209","3189","1"
"26","1","3","1","10018","1489","1"
"29","0","3","1","2667","12303","0"
"27","1","3","0","19615","1538","1"
"26","1","3","1","6236","4905","1"
"28","1","3","0","17818","8269","1"
"30","0","3","1","18019","10581","1"
"30","0","3","1","19638","15266","1"
"28","1","3","0","13012","1267","1"
"31","1","3","1","5511","6777","0"
"31","1","3","0","3444","2259","1"
"42","1","3","0","15369","1418","1"
"34","1","3","0","1031","11481","0"
"31","1","3","0","17313","5342","1"
"32","1","3","0","16359","189","1"
"30","1","3","1","17619","4648","1"
"34","1","3","1","17104","9316","1"
"35","1","3","1","8910","17855","0"
"31","0","3","1","15032","3478","1"
"34","0","3","0","19872","800","1"
"33","1","3","0","8564","7664","1"
"38","1","3","0","4036","6615","0"
"43","0","3","1","9109","2271","1"
"40","1","3","1","15213","11354","1"
"31","0","3","1","6131","12784","0"
"40","0","3","1","2619","3782","0"
"41","0","3","0","10144","8697","1"
"42","0","3","0","14477","17986","0"
"36","1","3","0","18730","17384","1"
"31","1","3","0","2141","8366","0"
"30","0","3","0","6367","6570","0"
"43","1","3","0","4295","3937","1"
"31","1","3","0","13244","14687","0"
"31","0","3","1","10607","7959","1"
"33","0","3","1","3980","9514","0"
"35","1","3","0","14507","15396","0"
"32","0","3","1","15003","14335","1"
"32","0","3","0","18960","728","1"
"38","0","3","1","11026","14167","0"
"39","0","3","1","7673","15147","0"
"42","1","3","1","10624","2387","1"
"36","0","3","1","6514","1003","1"
"33","0","3","1","18191","1166","1"
"38","0","3","1","12196","1886","1"
"42","1","3","1","27401","34560","1"
"30","0","3","1","14343","15976","0"
"43","0","3","0","6035","6333","0"
"39","1","3","1","10289","5884","1"
"33","0","3","1","1570","3514","0"
"38","1","3","0","17378","13791","1"
"33","0","3","1","5295","16874","0"
"41","0","3","0","17229","19339","0"
"32","0","3","0","8140","3251","1"
"31","1","3","1","6717","12364","0"
"30","1","3","1","30488","29132","1"
"35","1","3","0","13895","5804","1"
"43","1","3","0","1403","6350","0"
"36","1","3","1","7270","1851","1"
"32","1","3","1","18102","200","1"
"34","1","3","0","13761","1373","1"
"30","1","3","0","10128","11375","0"
"38","1","3","0","19090","5474","1"
"37","1","3","0","17521","6845","1"
"41","0","3","0","11838","13607","0"
"41","0","3","0","13639","8916","1"
"34","0","3","1","16721","2897","1"
"30","0","3","0","17990","17174","1"
"38","1","3","0","14946","2348","1"
"40","1","3","1","1400","13635","0"
"31","0","3","1","8480","1509","1"
"31","1","3","0","17079","1085","1"
"30","1","3","1","14643","19275","0"
"36","0","3","0","18697","10262","1"
"41","0","3","1","6416","16416","0"
"31","0","3","1","12902","11415","1"
"38","1","3","0","17105","10155","1"
"30","1","3","0","18536","19577","0"
"41","0","3","0","12706","8012","1"
"31","1","3","1","3667","11389","0"
"36","0","3","0","8523","19995","0"
"42","0","3","0","17995","1775","1"
"33","0","3","1","9167","6534","1"
"43","1","3","0","5781","10578","0"
"43","1","3","0","11015","6883","1"
"34","1","3","1","16440","7468","1"
"31","1","3","0","17805","12999","1"
"41","1","3","0","11112","1399","1"
"38","0","3","0","16248","3392","1"
"33","1","3","1","10766","5217","1"
"31","1","3","0","6399","6936","0"
"42","0","3","0","13046","19380","0"
"36","0","3","0","18238","15222","1"
"35","1","3","1","18621","11342","1"
"38","0","3","0","6497","4092","1"
"37","1","3","0","6099","17972","0"
"41","1","3","1","9022","1118","1"
"43","1","3","0","5170","13314","0"
"39","0","3","0","14232","1429","1"
"36","1","3","1","14791","15320","0"
"41","1","3","0","10977","3299","1"
"34","1","3","1","2618","17212","0"
"39","1","3","0","13543","6427","1"
"30","1","3","0","14268","12395","1"
"41","0","3","1","13234","14804","0"
"30","1","3","0","19400","11563","1"
"41","0","3","0","10784","16789","0"
"39","0","3","1","13971","19469","0"
"30","0","3","1","9726","3224","1"
"31","0","3","0","3137","14436","0"
"37","1","3","1","7662","1101","1"
"42","1","3","1","15400","4654","1"
"31","1","3","1","9309","7607","1"
"39","1","3","0","13177","9117","1"
"32","1","3","1","6115","7228","0"
"37","0","3","1","8596","15109","0"
"43","0","3","0","18486","13257","1"
"33","1","3","1","15177","1616","1"
"43","0","3","1","2023","11847","0"
"36","0","3","1","16229","1822","1"
"34","0","3","1","16816","5812","1"
"35","0","3","1","7510","12513","0"
"39","1","3","0","16661","12000","1"
"41","0","3","1","12513","14009","0"
"36","1","3","1","9507","7960","1"
"40","1","3","0","4422","11513","0"
"39","0","3","1","3088","16806","0"
"32","0","3","0","17995","4953","1"
"33","0","3","0","16516","2857","1"
"41","1","3","0","13070","11492","1"
"37","1","3","0","5124","2841","1"
"37","1","3","1","2917","1406","1"
"32","0","3","0","19131","3172","1"
"39","1","3","1","8424","1166","1"
"41","1","3","1","17086","6771","1"
"38","1","3","1","17574","19517","0"
"36","0","3","1","11320","15124","0"
"37","1","3","0","10050","2595","1"
"39","0","3","1","7056","4469","1"
"37","0","3","0","6078","19110","0"
"33","0","3","0","7172","11621","0"
"42","0","3","0","12598","8822","1"
"42","1","3","1","7860","6597","1"
"37","0","3","1","19621","1313","1"
"42","1","3","1","5139","15037","0"
"42","0","3","0","11622","50","1"
"37","0","3","1","11119","1998","1"
"31","0","3","0","12048","154","1"
"37","1","3","0","6065","12951","0"
"37","1","3","0","15766","1476","1"
"42","0","3","1","23639","30215","1"
"41","0","3","1","15668","10146","1"
"43","1","3","0","6113","15930","0"
"39","1","3","1","11920","18741","0"
"35","0","3","0","14422","9303","1"
"33","1","3","1","14621","583","1"
"30","0","3","1","1850","4539","0"
"32","0","3","0","7554","5028","1"
"38","0","3","1","16444","18807","0"
"41","0","3","1","7972","9115","0"
"33","1","3","0","11758","7548","1"
"33","0","3","1","29320","31412","1"
"35","1","3","1","9617","9518","1"
"33","0","3","1","15439","8110","1"
"33","0","3","0","8623","3246","1"
"43","1","3","0","2011","17804","0"
"35","1","3","1","13653","13644","1"
"40","0","3","0","14070","6019","1"
"33","0","3","0","14320","19441","0"
"43","0","3","1","10544","16755","0"
"36","0","3","0","16839","4321","1"
"37","1","3","1","9801","7173","1"
"36","1","3","1","12984","389","1"
"39","1","3","1","15814","17673","0"
"40","1","3","1","1217","9791","0"
"31","0","3","1","17340","11013","1"
"40","1","3","1","4004","13348","0"
"38","0","3","1","11111","430","1"
"42","0","3","1","7337","17133","0"
"35","0","3","1","12599","17802","0"
"38","1","3","1","14854","4754","1"
"35","0","3","1","19890","803","1"
"42","1","3","0","1274","8259","0"
"43","1","3","1","18674","15774","1"
"31","1","3","0","2337","15802","0"
"37","0","3","1","6286","12989","0"
"38","0","3","1","19019","11339","1"
"32","0","3","0","5161","5990","0"
"43","1","3","1","1776","13510","0"
"36","0","3","0","19178","11420","1"
"43","1","3","1","6817","8035","0"
"43","0","3","1","12652","16832","0"
"30","1","3","1","16353","13275","1"
"35","1","3","0","11473","6285","1"
"43","1","3","1","10935","15015","0"
"35","0","3","1","19372","5845","1"
"33","1","3","1","13372","3243","1"
"42","0","3","0","11112","18037","0"
"38","1","3","0","13592","16770","0"
"41","0","3","1","5542","2155","1"
"39","0","3","1","12530","14469","0"
"39","0","3","1","28614","27484","1"
"38","0","3","0","15713","14930","1"
"42","1","3","0","17463","2286","1"
"42","1","3","0","3457","14708","0"
"43","1","3","0","16981","11092","1"
"41","1","3","0","10482","4828","1"
"39","0","3","0","6607","14572","0"
"40","1","3","0","10867","629","1"
"30","0","3","0","11492","3037","1"
"38","0","3","1","32449","34001","1"
"30","0","3","1","18013","11501","1"
"32","0","3","1","14077","8578","1"
"39","0","3","1","17230","290","1"
"38","0","3","0","12141","500","1"
"37","0","3","1","19979","1930","1"
"37","1","3","1","10057","13959","0"
"40","0","3","1","6744","5410","1"
"42","0","3","0","19996","4981","1"
"30","1","3","1","5390","13686","0"
"43","1","3","0","9584","11144","0"
"39","0","3","0","9277","2530","1"
"41","1","3","0","16808","311","1"
"43","1","3","0","15442","7059","1"
"37","0","3","1","19181","13903","1"
"38","0","3","0","1314","7620","0"
"37","0","3","0","10721","17366","0"
"30","1","3","0","12872","11338","1"
"37","0","3","1","6539","8401","0"
"31","1","3","0","16978","1157","1"
"38","1","3","0","9408","4227","1"
"39","0","3","0","16756","19015","0"
"37","0","3","0","4696","5264","0"
"39","0","3","0","19163","10336","1"
"39","0","3","1","8845","205","1"
"43","1","3","0","13685","973","1"
"38","0","3","0","16485","4287","1"
"31","1","3","0","5280","19967","0"
"31","0","3","1","10031","3832","1"
"42","1","3","1","13719","1355","1"
"38","0","3","0","16296","1105","1"
"41","0","3","1","4007","13035","0"
"31","1","3","0","6343","9677","0"
"40","1","3","0","7933","1921","1"
"31","1","3","0","4474","10601","0"
"42","1","3","1","9068","19330","0"
"36","0","3","0","3441","3136","1"
"43","1","3","1","3730","13998","0"
"36","1","3","0","8448","7793","1"
"33","1","3","0","18868","691","1"
"34","1","3","1","26136","25367","1"
"38","0","3","1","7459","3183","1"
"41","0","3","1","3775","7045","0"
"30","1","3","0","13156","19030","0"
"33","0","3","0","6907","2918","1"
"38","0","3","1","4957","9474","0"
"38","1","3","1","15889","1546","1"
"32","1","3","1","2311","3830","0"
"30","0","3","0","17966","1390","1"
"34","1","3","0","1309","2091","0"
"42","0","3","1","6266","1832","1"
"33","0","3","1","18167","16529","1"
"33","0","3","0","9931","7965","1"
"41","1","3","0","17397","13442","1"
"34","1","3","1","6751","2251","1"
"35","0","3","1","9966","12434","0"
"33","0","3","1","9680","5580","1"
"38","1","3","1","4368","16302","0"
"32","1","3","1","5024","14184","0"
"38","1","3","0","7872","4900","1"
"34","1","3","0","1943","19023","0"
"32","1","3","1","11668","19539","0"
"41","1","3","0","9973","3669","1"
"34","0","3","0","1013","9905","0"
"43","0","3","1","12603","13428","0"
"35","1","3","0","16844","7807","1"
"32","1","3","0","17942","1984","1"
"42","1","3","0","13813","6501","1"
"41","0","3","1","15388","4560","1"
"32","1","3","1","19980","3556","1"
"42","1","3","0","16894","1956","1"
"42","1","3","1","7218","15235","0"
"39","0","3","0","16754","4911","1"
"39","1","3","1","16978","664","1"
"40","0","3","1","3315","7944","0"
"39","0","3","1","7460","5571","1"
"38","0","3","1","14297","17172","0"
"33","1","3","0","12224","4971","1"
"32","1","3","1","14975","15279","0"
"32","1","3","0","10797","14429","0"
"37","1","3","0","8734","1146","1"
"35","1","3","1","7040","15359","0"
"33","0","3","0","7373","7690","0"
"38","0","3","1","5546","2626","1"
"33","0","3","1","3336","19285","0"
"38","0","3","0","19063","4011","1"
"39","0","3","0","12660","17469","0"
"30","0","3","1","10493","831","1"
"42","1","3","0","17559","1270","1"
"30","1","3","0","15679","157","1"
"34","0","3","0","13300","19673","0"
"35","0","3","1","8905","12784","0"
"37","1","3","0","11274","3397","1"
"35","1","3","1","2807","16409","0"
"43","0","3","0","13741","2474","1"
"43","0","3","0","8419","14663","0"
"34","1","3","1","12730","17021","0"
"36","0","3","1","8845","6233","1"
"36","0","3","1","8765","8480","1"
"40","1","3","1","16460","5004","1"
"38","0","3","0","6391","9784","0"
"35","0","3","0","7236","18966","0"
"30","1","3","0","17079","15812","1"
"37","0","3","1","15237","1320","1"
"40","0","3","0","2437","14421","0"
"34","1","3","0","10878","669","1"
"39","0","3","1","10579","1346","1"
"36","0","3","1","18813","10972","1"
"41","1","3","1","1382","14475","0"
"43","1","3","1","6592","11016","0"
"35","1","3","0","19605","1276","1"
"41","0","3","1","15830","3893","1"
"30","1","3","1","8187","1447","1"
"36","1","3","1","6055","2304","1"
"33","0","3","0","16968","12005","1"
"39","1","3","1","5852","14844","0"
"31","0","3","1","19813","1348","1"
"40","1","3","0","3180","14612","0"
"39","1","3","0","15962","18638","0"
"33","1","3","1","14386","12036","1"
"38","0","3","0","5294","16951","0"
"43","1","3","1","13401","16884","0"
"35","0","3","1","10374","2364","1"
"37","0","3","1","19558","14136","1"
"31","0","3","0","9099","11347","0"
"41","1","3","0","8945","611","1"
"41","0","3","0","4361","4571","0"
"40","1","3","0","13554","10003","1"
"31","1","3","0","5365","18512","0"
"32","1","3","1","13133","244","1"
"42","1","3","1","18048","1748","1"
"39","1","3","0","8495","14819","0"
"31","1","3","0","14530","2890","1"
"30","0","3","1","18882","9230","1"
"30","1","3","0","17583","6630","1"
"36","0","3","0","16905","2779","1"
"38","0","3","0","16701","4736","1"
"35","1","3","0","6124","7555","0"
"35","1","3","0","5403","8354","0"
"43","1","3","0","15235","13142","1"
"33","1","3","1","10550","1622","1"
"30","0","3","1","5687","13102","0"
"32","0","3","1","6496","10367","0"
"36","1","3","1","17832","2770","1"
"36","0","3","1","12498","19181","0"
"32","1","3","1","8319","18862","0"
"33","1","3","1","13062","11500","1"
"33","1","3","1","5259","16540","0"
"41","0","3","1","16161","2792","1"
"37","0","3","1","18326","8348","1"
"32","0","3","1","12681","11988","1"
"42","0","3","0","15733","9762","1"
"37","1","3","1","5731","7807","0"
"35","1","3","1","10124","8887","1"
"36","1","3","1","15928","785","1"
"59","0","3","1","3872","6682","0"
"57","1","3","0","10630","1471","1"
"56","1","3","1","10867","11123","0"
"44","0","3","0","11823","6803","1"
"47","0","3","1","17765","3987","1"
"63","0","3","1","16143","11579","1"
"64","0","3","0","14689","14183","1"
"55","1","3","0","15763","3905","1"
"50","0","3","1","15403","18710","0"
"41","1","3","1","13126","873","1"
"54","0","3","0","6329","16968","0"
"47","0","3","1","18071","9385","1"
"47","0","3","0","16131","13399","1"
"67","0","3","0","15071","4111","1"
"45","0","3","1","10805","12293","0"
"50","1","3","0","18949","19700","0"
"53","0","3","1","18644","17881","1"
"51","1","3","0","4201","8067","0"
"59","1","3","0","13417","726","1"
"58","0","3","1","16272","18897","0"
"42","0","3","1","3607","15482","0"
"63","0","4","0","15052","8764","1"
"61","1","4","1","17850","15818","1"
"62","1","4","0","5739","13147","0"
"48","0","4","1","5563","16133","0"
"61","1","4","1","15260","11289","1"
"62","0","4","0","14999","18665","0"
"66","0","4","0","12033","18745","0"
"50","0","4","0","15247","2550","1"
"51","1","4","0","16041","12600","1"
"44","1","4","0","7017","9412","0"
"42","1","4","1","6144","18449","0"
"58","0","4","0","14424","12011","1"
"64","1","4","0","1947","4942","0"
"44","0","4","1","1383","4784","0"
"56","1","4","1","17428","15289","1"
"48","0","4","0","8949","857","1"
"67","1","4","1","10067","8744","1"
"62","1","4","1","14293","9248","1"
"66","1","4","0","19068","133","1"
"47","1","4","0","8366","3615","1"
"47","0","4","1","17317","4852","1"
"41","1","4","1","4582","11317","0"
"52","0","4","0","16609","2406","1"
"52","0","4","0","8830","18277","0"
"62","1","4","1","14046","476","1"
"43","0","4","0","2302","7885","0"
"60","1","4","0","17111","6330","1"
"50","1","4","0","15805","2009","1"
"66","0","4","1","6291","5274","1"
"65","1","4","0","11208","1217","1"
"61","0","4","1","9361","10861","0"
"43","0","4","0","8955","3314","1"
"45","1","4","0","6810","3697","1"
"66","0","4","0","10233","14647","0"
"60","0","4","1","16638","210","1"
"42","1","4","0","6414","18911","0"
"52","0","4","0","9941","3822","1"
"41","0","4","0","6268","15352","0"
"64","0","4","1","13452","1843","1"
"62","0","4","1","17273","5330","1"
"68","0","4","0","18530","2961","1"
"63","0","4","0","16389","14434","1"
"45","0","4","1","13786","6375","1"
"46","1","4","1","13504","18895","0"
"53","1","4","1","13692","16728","0"
"54","1","4","1","9998","6224","1"
"63","0","4","0","15013","18764","0"
"51","0","4","1","11896","1187","1"
"65","0","4","1","6127","3259","1"
"55","1","4","0","10108","4139","1"
"67","0","4","0","11654","15040","0"
"59","1","4","1","7631","14079","0"
"56","0","4","1","18995","11930","1"
"41","0","4","1","10564","14685","0"
"65","0","4","0","9265","6393","1"
"51","1","4","1","14827","652","1"
"62","0","4","1","8396","15701","0"
"57","0","4","0","1762","16766","0"
"45","1","4","1","19825","17898","1"
"67","1","4","0","6458","17918","0"
"42","0","4","1","5693","18098","0"
"43","1","4","0","17388","16319","1"
"46","1","4","1","19843","1040","1"
"43","0","4","1","10063","7075","1"
"57","1","4","0","15650","6784","1"
"59","0","4","0","3179","6637","0"
"52","0","4","0","11457","1396","1"
"56","1","4","1","7504","8120","0"
"57","1","4","1","16219","11323","1"
"46","1","4","0","33030","29805","1"
"67","0","4","0","3139","8674","0"
"66","1","4","1","9454","4867","1"
"65","1","4","1","19398","5471","1"
"56","0","4","0","1341","13149","0"
"61","0","4","1","18729","10577","1"
"52","1","4","1","7067","5874","1"
"44","0","4","1","7690","2667","1"
"58","0","4","0","17340","8734","1"
"62","0","4","0","3084","1160","1"
"54","1","4","0","10778","1172","1"
"65","0","4","1","8224","11366","0"
"42","1","4","0","16702","637","1"
"63","0","4","0","13919","17490","0"
"52","0","4","0","7081","10634","0"
"42","1","4","0","14775","2963","1"
"60","1","4","1","17419","19067","0"
"42","0","4","1","31390","25042","1"
"56","0","4","0","15160","12071","1"
"58","0","4","1","2434","11578","0"
"67","0","4","0","7245","19206","0"
"46","0","4","0","18607","9265","1"
"53","1","4","0","7953","4326","1"
"51","1","4","0","19757","17372","1"
"45","0","4","0","6384","19747","0"
"49","0","4","0","4291","6678","0"
"67","1","4","0","16027","12054","1"
"61","0","4","0","16232","7824","1"
"46","1","4","1","18413","18792","0"
"64","0","4","1","9963","10813","0"
"42","0","4","0","14913","12962","1"
"57","0","4","0","9951","18988","0"
"68","1","4","0","6701","6303","1"
"65","0","4","1","15098","4187","1"
"44","0","4","1","10476","17458","0"
"41","1","4","1","5421","10368","0"
"63","0","4","1","6237","2887","1"
"41","0","4","1","5496","18961","0"
"51","0","4","1","5242","15756","0"
"48","0","4","0","4859","4756","1"
"68","1","4","1","11341","6898","1"
"46","0","4","1","11263","12288","0"
"68","1","4","1","9382","11849","0"
"61","0","4","1","7533","2277","1"
"60","1","4","0","9621","3987","1"
"65","0","4","1","15605","5303","1"
"42","0","4","0","2240","18125","0"
"58","0","4","1","17068","6472","1"
"65","1","4","0","5578","14346","0"
"48","0","4","0","13464","11316","1"
"62","0","4","0","30526","27715","1"
"43","1","4","0","15462","19305","0"
"60","0","4","1","4761","2923","1"
"52","1","4","1","5353","16502","0"
"55","1","4","1","17623","798","1"
"59","1","4","0","1780","8947","0"
"60","1","4","0","8224","7111","1"
"44","0","4","1","1832","17312","0"
"62","0","4","1","6539","13071","0"
"66","1","4","1","15104","7434","1"
"66","1","4","0","5963","6399","0"
"68","1","4","1","9934","1426","1"
"50","0","4","1","4391","17805","0"
"45","1","4","1","5669","9919","0"
"49","1","4","0","12217","5875","1"
"61","0","4","1","13420","1373","1"
"50","1","4","0","11515","1275","1"
"42","1","4","0","3780","5813","0"
"53","0","4","1","13121","10877","1"
"43","0","4","0","11705","1398","1"
"63","0","4","0","15571","18058","0"
"68","1","4","1","2398","6660","0"
"52","1","4","1","13008","5944","1"
"56","1","4","1","6621","12705","0"
"54","0","4","1","9572","514","1"
"51","1","4","0","1449","7156","0"
"61","0","4","1","17581","17138","1"
"46","1","4","1","7797","1683","1"
"54","1","4","0","13023","16032","0"
"67","0","4","1","12560","1255","1"
"65","0","4","0","15283","14265","1"
"57","1","4","0","10505","1914","1"
"57","1","4","0","13062","1322","1"
"43","0","4","1","17446","14359","1"
"54","0","4","1","15752","6423","1"
"41","1","4","1","10363","5332","1"
"60","0","4","0","16952","1491","1"
"61","0","4","0","9799","18413","0"
"56","0","4","0","9637","4509","1"
"41","0","4","1","8726","18459","0"
"51","0","4","1","16443","652","1"
"68","1","4","0","19055","173","1"
"50","0","4","0","19606","13492","1"
"42","0","4","0","10690","14878","0"
"43","1","4","0","8691","14949","0"
"67","1","4","1","15926","5205","1"
"61","0","4","0","11742","16061","0"
"41","0","4","0","16726","1020","1"
"47","0","4","0","9720","1894","1"
"65","1","4","0","7656","14099","0"
"41","1","4","0","11436","1565","1"
"44","0","4","0","11286","14446","0"
"43","1","4","1","1851","10760","0"
"41","0","4","1","15417","11159","1"
"67","0","4","0","4031","14010","0"
"52","0","4","0","15881","4823","1"
"43","0","4","0","16032","17322","0"
"49","1","4","0","14335","14642","0"
"51","0","4","0","11750","5760","1"
"50","0","4","0","15971","1651","1"
"50","1","4","1","16614","13630","1"
"67","1","4","1","1831","1356","1"
"62","0","4","0","14203","12112","1"
"46","1","4","1","11739","11704","1"
"41","1","4","0","7545","3481","1"
"53","1","4","0","6158","19423","0"
"54","1","4","1","9755","7739","1"
"66","1","4","0","31047","25558","1"
"63","1","4","1","18876","1532","1"
"54","1","4","0","9437","14525","0"
"43","1","4","0","5722","8661","0"
"63","1","4","0","13623","10496","1"
"52","0","4","1","14244","100","1"
"64","0","4","1","17776","14214","1"
"46","1","4","1","13019","18795","0"
"47","0","4","1","2819","6058","0"
"44","1","4","0","19418","17246","1"
"57","1","4","0","9163","7911","1"
"63","1","4","1","5728","12377","0"
"45","0","4","0","6444","8590","0"
"45","0","4","1","16598","4952","1"
"45","0","4","0","14556","8475","1"
"63","1","4","1","12716","18015","0"
"57","0","4","0","13510","13378","1"
"43","1","4","0","3955","3671","1"
"63","0","4","1","10460","1995","1"
"49","1","4","0","12000","3187","1"
"42","0","4","1","14371","19051","0"
"49","0","4","1","17445","1197","1"
"44","0","4","1","11187","18142","0"
"44","1","4","0","8302","941","1"
"67","0","4","1","10029","12762","0"
"58","0","4","0","3673","15948","0"
"50","1","4","0","8378","6603","1"
"46","1","4","1","14142","11620","1"
"56","1","4","1","37661","34364","1"
"46","0","4","1","11012","7508","1"
"63","0","4","0","5082","18957","0"
"64","1","4","1","10335","17283","0"
"59","1","4","0","18797","12922","1"
"53","1","4","0","17150","14719","1"
"41","1","4","0","12419","17809","0"
"68","0","4","1","11856","17933","0"
"46","1","4","1","15537","2576","1"
"47","0","4","1","1830","10037","0"
"51","1","4","0","16215","2313","1"
"52","1","4","0","15378","9927","1"
"44","0","4","0","11659","1077","1"
"45","0","4","1","6570","16730","0"
"54","1","4","0","9077","9751","0"
"60","1","4","0","5623","2585","1"
"67","1","4","1","8325","4417","1"
"42","1","4","1","11745","5693","1"
"49","0","4","1","11823","1425","1"
"41","1","4","1","15076","1729","1"
"58","1","4","0","18149","8591","1"
"66","1","4","1","18371","7507","1"
"43","0","4","0","12342","328","1"
"65","0","4","1","2385","19997","0"
"61","0","4","1","2168","11685","0"
"46","0","4","0","12775","4070","1"
"50","0","4","1","9528","12974","0"
"68","0","4","1","3934","5396","0"
"42","0","4","1","11722","10957","1"
"42","0","4","1","6605","5064","1"
"41","0","4","1","19963","2810","1"
"54","0","4","1","14204","5016","1"
"66","1","4","1","16980","15440","1"
"51","0","4","1","19175","3838","1"
"55","1","4","0","19552","16784","1"
"61","1","4","1","9333","9187","1"
"64","0","4","0","11257","10845","1"
"42","1","4","1","7651","4204","1"
"41","0","4","1","18681","8669","1"
"49","0","4","1","9118","14029","0"
"42","0","4","1","7584","11847","0"
"45","0","4","0","9252","7672","1"
"61","1","4","0","11544","9069","1"
"61","1","4","0","4900","14347","0"
"49","0","4","0","13635","7916","1"
"65","0","4","1","11668","18846","0"
"62","0","4","1","14755","16710","0"
"57","0","4","0","15061","6413","1"
"46","1","4","1","18184","1384","1"
"65","0","4","0","17124","13827","1"
"62","0","4","0","6607","15230","0"
"56","0","4","1","9283","2916","1"
"43","0","4","1","9997","8786","1"
"55","0","4","0","10510","323","1"
"58","1","4","0","14978","14894","1"
"49","0","4","0","13044","432","1"
"43","0","4","0","10447","9521","1"
"67","1","4","0","17605","10171","1"
"44","1","4","0","8736","17290","0"
"66","1","4","1","18302","19583","0"
"54","1","4","0","19408","7586","1"
"57","0","4","1","19010","11830","1"
"57","1","4","0","8817","14969","0"
"53","1","4","0","1470","12332","0"
"60","1","4","0","17177","14710","1"
"57","0","4","1","1333","11369","0"
"60","0","4","0","1443","17670","0"
"51","0","4","0","9836","7129","1"
"66","0","4","0","16840","1450","1"
"49","0","4","0","13796","3283","1"
"52","1","4","1","10474","12984","0"
"50","1","4","1","12725","576","1"
"41","0","4","0","3834","7411","0"
"41","1","4","1","5225","10041","0"
"51","0","4","0","17544","16440","1"
"55","0","4","1","17186","9173","1"
"48","1","4","1","19524","16788","1"
"66","1","4","1","2720","15392","0"
"58","1","4","1","17355","472","1"
"59","0","4","1","4417","12972","0"
"63","1","4","0","2064","3230","0"
"62","1","4","1","14768","4291","1"
"50","0","4","1","8163","561","1"
"42","0","4","0","17796","6436","1"
"57","0","4","0","19528","17388","1"
"65","1","4","0","14452","17520","0"
"67","0","5","0","6606","19088","0"
"48","1","5","1","17776","15308","1"
"61","0","6","1","9998","6847","1"
"45","0","5","1","14909","16980","0"
"61","1","6","0","7111","18785","0"
"58","0","6","1","19611","1089","1"
"63","1","7","1","19654","15281","1"
"43","0","7","1","12652","6552","1"
"42","0","7","1","5164","16957","0"
"54","0","6","1","5014","11782","0"
"42","0","7","1","10815","8757","1"
"49","1","6","1","3306","7238","0"
"64","0","6","1","10725","11857","0"
"45","0","6","0","9757","8529","1"
"43","0","7","1","14384","1369","1"
"54","0","5","1","13127","6126","1"
"67","1","7","1","13299","172","1"
"63","0","5","0","17851","14493","1"
"49","0","6","1","17394","3329","1"
"56","1","5","1","5710","7024","0"
"51","0","5","0","15818","4262","1"
"59","1","6","1","10311","1987","1"
"54","0","6","0","14500","15496","0"
"55","1","5","0","9370","5490","1"
"41","0","7","0","4148","14853","0"
"42","0","6","0","18126","178","1"
"57","1","7","0","14415","18862","0"
"51","0","7","1","12089","15197","0"
"67","1","6","0","19769","4830","1"
"53","1","5","0","5017","13074","0"
"44","1","5","0","39183","28545","1"
"48","0","7","1","15936","10000","1"
"57","0","5","1","19061","1556","1"
"67","1","5","0","5630","17986","0"
"46","1","5","0","3503","17051","0"
"43","0","7","1","9474","4229","1"
"54","0","5","0","8895","10433","0"
"63","0","7","0","2736","15850","0"
"61","0","7","1","18861","8352","1"
"59","0","5","1","13786","17973","0"
"46","1","7","1","16244","1210","1"
"57","0","5","1","16567","550","1"
"63","0","7","1","11916","7862","1"
"52","1","7","0","14908","6975","1"
"67","1","5","0","17780","4943","1"
"52","1","5","0","15264","3105","1"
"57","0","6","0","7976","14595","0"
"60","0","6","1","17786","7966","1"
"59","0","6","0","19015","8941","1"
"42","1","5","0","19128","1562","1"
"42","0","5","1","5561","12197","0"
"65","0","6","1","16898","567","1"
"65","0","6","1","5010","10569","0"
"59","1","7","1","17944","7085","1"
"69","0","7","1","18084","2768","1"
"89","1","6","1","3848","10375","0"
"96","1","6","0","5572","13024","0"
"80","1","6","1","17649","12105","1"
"100","1","6","1","12119","8056","1"
"87","1","5","1","9075","8882","1"
"98","0","5","1","13255","10297","1"
"71","0","5","0","9124","12847","0"
"93","1","7","0","9432","725","1"
"79","0","5","0","2921","13276","0"
"70","0","6","1","6663","9416","0"
"69","0","7","1","12499","8450","1"
"98","1","5","1","16819","13275","1"
"79","1","7","1","16494","679","1"
"92","0","5","0","3072","13694","0"
"69","0","5","1","10813","1020","1"
"90","1","5","1","1960","1509","1"
"92","1","6","1","6443","13277","0"
"86","1","6","0","15098","11764","1"
"88","1","6","0","6232","12987","0"
